Nom_Produit,Marque,Categorie,Energie_kJ,Sucres_g,Graisses_Sat_g,Sel_g,Proteines_g,Fibres_g,Fruits_Legumes_Pct,NutriScore_Score,NutriScore_Lettre,Points_N,Points_P,GreenScore_Lettre,GreenScore_Score
Concentré de tomates Aicha,Aicha,vegetables,132.0,2.43,0.0,0.27,1.24,0.811,0.0,1,B,1,0,C,59
Aicha Tomato Paste,Aicha,vegetables,496.0,9.0,0.0,0.5,4.6,3.0,0.0,3,C,4,1,C,46
Raw kimchi,Vadasz,vegetables,63.0,0.0,0.1,2.065,1.1,1.8,0.0,10,C,10,0,A,88
Beurre de cacahuètes,Maribel,vegetables,2860.0,3.9,12.0,0.03,30.4,9.2,0.0,14,D,19,5,D,34
Carottes rapees citron dnp 320g,Bonduelle,vegetables,301.0,4.5,0.3,0.71,1.0,3.0,86.0,-1,A,4,5,A,79
Aubergines cuisinées à la Provençal,Cassegrain,vegetables,344.0,5.6,0.6,0.76,1.2,2.2,81.0,0,A,5,5,B,73
Solis,Nestle nutrition,vegetables,284.0,6.0,0.4,1.0,1.2,0.6,0.0,6,C,6,0,A,77
Carottes râpées à la ciboulette,Saladinettes,vegetables,331.0,5.0,0.4,0.865,1.1,28.0,0.0,0,A,5,5,A,76
Haricots Verts extrafins 12,Cassegrain,vegetables,82.0,1.3,0.1,0.79,1.4,2.4,100.0,-2,A,3,5,A,77
Italian Chopped Tomatoes in tomato juice,by sainsbury's,vegetables,101.0,3.5,0.1,0.07,1.2,0.9,0.0,1,B,1,0,A,89
Oven Baked Sweet Potato Fries,Strong Roots,vegetables,805.0,16.2,0.625,0.287,2.75,5.38,0.0,3,C,7,4,A,86
Batchelors  Mushy Original,Batchelors,vegetables,368.0,1.4,0.2,0.45,5.9,3.9,0.0,0,A,3,3,A,84
Chunky chopped tomatoes,Aldi,vegetables,88.0,3.3,0.0,0.0,1.4,1.0,0.0,0,A,0,0,A,77
Carottes rapees citron dnp 500g,Bonduelle,vegetables,301.0,4.5,0.3,0.71,1.0,3.0,86.0,-1,A,4,5,A,77
Chopped Tomatoes 4pk,Napolina,vegetables,96.0,3.6,0.0,0.1,1.3,1.0,0.0,1,B,1,0,A,88
Double Concentré de Tomates,Sicam,vegetables,354.0,13.8,0.2,0.13,3.9,3.8,0.0,0,A,2,2,C,51
Tomate triturado,Hacendado,vegetables,117.0,4.0,0.0,0.492,0.8,0.0,0.0,3,C,3,0,A,77
Curry de pois chiches aux épices douces daucy 380g,D'aucy,vegetables,373.0,2.5,1.0,0.87,3.5,3.2,71.4,1,B,5,4,A,86
GOLDEN VEGETAB,Ben's Original,vegetables,632.0,0.7,0.1,0.44,3.2,1.2,0.0,2,B,3,1,C,51
Poêlée Paysanne 750g,Bonduelle,vegetables,281.0,2.3,0.7,0.71,1.7,3.3,67.0,0,A,3,3,B,73
Tomatoes  Cherry Tomatoes Italian,Italiamo,vegetables,134.0,3.8,0.0,0.03,1.5,2.3,0.0,1,B,1,0,A,82
Haricots Verts extrafins 14,Cassegrain,vegetables,82.0,1.3,0.1,0.79,1.4,2.4,100.0,-2,A,3,5,A,85
Haricots Verts extrafins 44,Cassegrain,vegetables,82.0,1.3,0.1,0.79,1.4,2.4,100.0,-2,A,3,5,A,77
Polpa Finely Chopped Italian Tomatoes,Lidl,vegetables,92.0,3.8,0.1,0.01,1.1,0.8,0.0,1,B,1,0,A,77
Italian Finely Chopped Tomatoes,Tesco,vegetables,105.0,4.0,0.1,0.03,1.4,0.9,0.0,1,B,1,0,A,84
Poivrons grillés,Freshona,vegetables,163.0,6.1,0.5,1.16,0.6,0.9,0.0,6,C,6,0,A,76
Tomatenpuree,"Baresa, Freshona",vegetables,393.0,13.2,0.14,0.7,4.7,5.04,0.0,1,B,5,4,C,46
Mes Carottes râpées à la ciboulette,Pierre Martinet,vegetables,329.0,5.0,0.4,0.88,1.1,2.8,0.0,5,C,5,0,A,77
Coleslaw choux blanc et carottes,Saladinettes,vegetables,454.0,6.7,0.6,1.0,0.9,2.4,0.0,7,C,7,0,A,77
Chopped tomatoes in tomato juice,Everyday Essentials,vegetables,93.0,3.8,0.1,0.01,1.1,0.8,0.0,1,B,1,0,A,86
Courgettes à la Provençale 14,Cassegrain,vegetables,260.0,5.2,0.5,0.71,1.8,1.3,82.0,-1,A,4,5,A,81
Carottes,Monique ranou,vegetables,326.0,5.0,0.4,0.87,0.7,2.5,0.0,5,C,5,0,A,80
Italian chopped tomatoes in tomato juice,Morrisons,vegetables,87.0,2.7,0.1,0.09,0.9,0.9,0.0,0,A,0,0,A,77
Excellence Noir Prodigieux 90 Cacao,Lindt,chocolates,2477.0,7.0,30.0,0.03,10.0,0.0,0.0,18,D,18,0,E,29
Chocolat noir  85 cacao,J.D. Gross,chocolates,2510.0,12.0,28.0,0.0,12.0,16.0,0.0,13,D,18,5,D,43
Organic 70 Dark Chocolate Bar,Green & Black's,chocolates,2428.0,29.0,25.0,0.01,9.1,10.0,0.0,16,D,21,5,D,40
Excellence Noir Intense 70 Cacao,Lindt,chocolates,2350.0,30.0,24.0,0.02,9.5,0.0,0.0,21,E,21,0,E,29
Dark chocolate,Green and black,chocolates,2530.0,13.9,30.0,0.131,10.0,12.8,0.0,13,D,18,5,C,55
Excellence Noir Puissant 85 Cacao,Lindt,chocolates,2418.0,15.0,27.0,0.02,12.5,0.0,0.0,21,E,21,0,E,29
Extra dark 74 Cocoa,fin CARRÉ,chocolates,2367.0,26.0,26.0,0.02,9.9,0.0,0.0,21,E,21,0,D,40
70 chocolate,Lindt & Sprüngli,chocolates,2370.0,30.0,24.0,5e-05,9.5,0.0,0.0,21,E,21,0,E,29
Excellence 85 Cacao Rich Dark,Lindt,chocolates,2420.0,15.0,27.0,0.0125,12.5,15.0,0.0,16,D,21,5,E,26
Edelbitter 70 Cacao,J.D Gross,chocolates,2280.0,28.0,24.8,0.0,8.8,12.0,0.0,15,D,20,5,E,16
Bitter Extra Kraftig,"Lindt,Lindt&Sprüngli",chocolates,2397.0,1.0,30.0,0.7,14.0,0.0,0.0,20,E,20,0,E,24
Nestlé Dessert,Nestlé,chocolates,2285.0,46.4,20.2,0.01,6.0,7.3,0.0,21,E,26,5,D,43
Chocolat au lait,Milka,chocolates,2255.0,55.0,19.0,0.275,6.5,2.3,0.0,32,E,32,0,E,26
Lidl Organic Dark Chocolate,LIDL,chocolates,2510.0,26.666666666667,26.666666666667,0.0,10.0,10.0,0.0,16,D,21,5,C,53
Excellence Noir Subtil Doux 70 Cacao,Lindt Excellence,chocolates,2528.0,29.0,29.0,0.01,6.9,0.0,0.0,21,E,21,0,E,29
Chocolat Noir 92 cacao,Dark Excellente,chocolates,2430.0,10.0,33.0,0.0,15.0,0.0,0.0,18,D,18,0,E,15
Dark Chocolate,Tesco finest,chocolates,2470.0,28.0,27.0,0.1,7.0,11.0,0.0,16,D,21,5,D,30
Dark milk chocolate,Tesco,chocolates,2479.0,33.6,27.8,0.23,9.9,5.6,0.0,24,E,27,3,C,48
Excellence Noir Corsé 78 Cacao,Lindt,chocolates,2410.0,3.4,5.8,0.0075,10.0,0.0,0.0,12,D,12,0,E,29
Chocolat monogram,Macao,chocolates,2209.0,53.0,18.0,0.0,5.0,7.3,0.0,26,E,31,5,E,15
Chocolate Negro,Dark Excelente,chocolates,2354.0,12.0,30.0,0.02,14.0,0.0,0.0,18,D,18,0,E,15
180G C OR NOIR NOISETTE,"Côte D’Or, Mondelez",chocolates,2381.0,40.0,16.0,0.01,7.3,7.8,0.0,21,E,26,5,E,29
Tagger,Bimo,chocolates,2235.0,47.0,18.0,0.18,3.3,1.5,0.0,26,E,26,0,D,33
Edelbitter Mild 90,J.D. Gross,chocolates,2500.0,7.3,31.4,0.02,11.0,14.6,0.0,13,D,18,5,D,34
Chocolat noir Equateur Bio,J.D. Gross,chocolates,2641.0,14.0,34.0,0.01,9.0,11.5,0.0,13,D,18,5,C,49
Excellence Noir à la Pointe de Fleur de Sel,Lindt,chocolates,2240.0,47.0,19.0,0.37,5.7,0.0,0.0,27,E,27,0,E,29
Dark Chocolate,Fin Carré,chocolates,2222.0,47.7,18.9,0.01,5.7,7.5,0.0,21,E,26,5,C,47
Chocolate negro 95 cacao,J. D. Gross,chocolates,2480.0,2.4,31.2,0.03,12.8,10.4,0.0,12,D,17,5,D,34
Toblerone,Toblerone,chocolates,2209.0,60.0,17.0,0.12,5.6,2.4,0.0,31,E,31,0,B,70
Organic Milk Chocolate,Green & Black's,chocolates,2347.0,46.0,22.0,0.22,9.8,2.8,0.0,28,E,28,0,C,59
Noir Extra,Poulain,chocolates,2119.0,52.0,18.0,0.01,4.9,7.2,0.0,26,E,31,5,E,29
Шоколад с 6 парченца малини,"J.D. Gross, Lidl",chocolates,2310.0,28.8,24.0,0.08,8.0,11.2,0.0,15,D,20,5,B,64
Milka Tablette Noisette,"Milka, Mondelez",chocolates,2356.0,45.0,16.0,0.22,8.2,3.7,0.0,26,E,27,1,D,33
NOIR DEGUSTATION 70 CARAMEL,"J.D. Gross, Lidl",chocolates,2280.0,35.2,22.4,0.16,7.2,9.6,0.0,20,E,25,5,D,44
Excellence Noir Délicat Doux 85 Cacao,Lindt EXCELLENCE,chocolates,2523.0,14.0,33.0,0.03,8.9,0.0,0.0,18,D,18,0,D,38
,Aiguebelle,chocolates,2142.0,25.3,24.4,0.01,9.2,0.0,0.0,20,E,20,0,E,29
délice noir,Aiguebelle,chocolates,2226.0,44.0,22.0,0.011,5.2,0.0,0.0,25,E,25,0,E,15
85 Cocoa  Dark Chocolate,Moser Roth,chocolates,2530.0,13.2,32.0,0.0012,10.8,13.2,0.0,13,D,18,5,E,20
Noir equitable 85 Pérou,Alter Eco,chocolates,2640.0,14.0,32.0,0.01,8.1,13.0,0.0,13,D,18,5,C,54
single origin milk chocolate,Marks & Spencer,chocolates,2586.0,37.2,29.1,0.25,8.4,0.0,0.0,27,E,27,0,D,34
Chocolat noir 85 Madagascar,Ethiquable,chocolates,2562.0,14.0,31.0,0.0,11.0,11.0,0.0,13,D,18,5,C,49
Milka oreo,Milka Oreo,chocolates,2333.0,50.0,19.0,0.45,5.0,0.2,0.0,28,E,28,0,E,19
Chocolate negro,"Carrefour BIO, Carrefour",chocolates,2353.0,27.0,26.0,0.03,9.6,12.0,0.0,16,D,21,5,C,49
Absolute black dark chocolate,Montezuma's,chocolates,2477.0,3.0,33.0,0.02,13.0,17.0,0.0,12,D,17,5,E,28
Čokoláda na vaření,"Fin Carré, lidl",chocolates,2125.0,48.0,18.0,0.0,6.8,10.0,0.0,21,E,26,5,C,46
180G LT NOISETTE COTE D OR,Côte d'Or,chocolates,2322.0,43.0,14.0,0.18,9.3,5.1,0.0,22,E,25,3,D,33
Dark Chocolate,TESCO finest,chocolates,2640.0,13.0,33.0,0.1,10.0,13.0,0.0,13,D,18,5,D,30
Noir 70 Intense,"Côte d'Or,Mondelēz",chocolates,2510.0,28.0,29.0,0.05,7.0,11.0,0.0,16,D,21,5,E,29
Milka wholenut,Milka,chocolates,2322.0,47.0,15.0,0.3,8.1,0.0,0.0,27,E,27,0,E,24
Fine  Gourmande Noir 70,"Fine gourmande,Poulain",chocolates,2226.0,0.5,27.0,0.01,7.6,11.0,0.0,11,D,16,5,E,29
Tentation aiguebelle,Aiguebelle,chocolates,2435.0,10.5,29.8,0.03,10.0,0.0,0.0,18,D,18,0,E,15
Noir intense dessert 70,Lindt,chocolates,2280.0,30.0,22.0,0.03,9.6,0.0,0.0,20,E,20,0,E,28
Milk Chocolate,Ferrero Rocher,chocolates,2554.0,45.4,21.4,0.16,6.2,0.0,0.0,27,E,27,0,E,17
AFTER EIGHT Coffret 300g,"After Eight, Nestlé",chocolates,1791.0,66.2,7.6,0.0,2.2,2.8,0.0,27,E,27,0,E,20
NAPOLITAIN,Aiguebelle,chocolates,0.0,0.0,0.0,0.0,0.0,0.0,0.0,0,A,0,0,E,16
Excellence Noir Orange Intense,Lindt,chocolates,2229.0,46.0,17.0,0.08,7.0,0.0,0.0,26,E,26,0,B,70
SLICED WHITE SOURDOUGH BREAD WITH GRAINS  SEEDS,JASONS SOURDOUGH,breads,992.0,1.4,0.3,0.89,10.7,4.7,0.0,0,A,6,6,A,79
Pain de mie grandes tranches Seigle  Graines 500g,la Boulangère,breads,1246.0,4.2,1.0,0.96,12.0,7.2,0.0,-2,A,8,10,A,83
Jasons Sourdough,Jasons,breads,975.0,2.6,0.2,0.855,9.3,3.6,0.0,2,B,6,4,A,84
14 Maxi Tranches complet sans sucres ajoutés,Jacquet,breads,1026.0,3.8,0.3,1.2,8.7,6.6,0.0,2,B,9,7,A,83
Dark Rye Crispbread,Ryvita,breads,1480.0,2.86,0.19,0.705,10.5,14.5,0.0,-2,A,7,9,A,82
Seed Sensations,Hovis,breads,1160.0,3.86,0.682,0.886,10.0,5.23,0.0,1,B,8,7,A,78
Bakery Co 5 The Original Bagels,New York Bakery Co,breads,958.0,4.4,0.8,0.188,7.8,2.6,0.0,0,A,3,3,A,81
Rye  Mixed Seed Sourdough Bread,Tesco,breads,1100.0,2.4,0.8,0.765,8.6,6.8,0.0,-1,A,6,7,A,82
pain de mie grandes tranches spécial sandwich complet,"Lidl,Maître Jean Pierre",breads,1089.0,5.0,0.5,1.0,8.3,6.3,0.0,2,B,9,7,B,74
Harrys brioche tressee nature au sucre perle sans additifs 500g,Harrys,breads,1496.0,13.0,1.0,0.8,8.6,4.5,0.0,4,C,9,5,C,47
100 mie complet 500g,Harry's,breads,1053.0,5.5,0.4,1.1,7.5,6.5,0.0,2,B,9,7,A,85
MULTISEED WHOLEMEAL FARMHOUSE LOAF,Sainsbury's taste the difference,breads,1136.0,4.2,1.1,0.84,12.8,7.4,0.0,-1,A,9,10,A,75
Biscottes 6 Céréales,Heudebert,breads,1698.0,3.4,2.4,1.6,13.0,5.0,0.0,12,D,15,3,A,77
Brioche moins de sucre,Harrys,breads,1354.0,9.3,1.1,1.0,8.4,7.2,0.0,6,C,11,5,C,49
Pain grillé au blé complet,LU Pelletier,breads,1636.0,2.6,2.1,1.8,12.0,5.1,0.0,12,D,15,3,B,70
Classic Torinesi Breadsticks,Crosta & Mollica,breads,1700.0,2.8,1.0,2.1,19.8,1.2,0.0,15,D,15,0,A,85
Harrys pain de mie 100 mie nature sans croute 500g,Harrys,breads,1115.0,7.0,0.3,1.1,7.0,4.0,0.0,5,C,9,4,A,86
Pain de mie grandes tranches Toastiligne complet,la boulangère,breads,953.0,2.8,0.9,0.98,10.0,6.2,0.0,-2,A,6,8,B,74
Wholemeal Sliced Wholemeal Bread,Warburtons,breads,950.0,2.52,0.42,0.945,10.5,6.3,0.0,-2,A,6,8,B,67
6 Wraps blé complet,Old El Paso,breads,1240.0,2.24,1.03,1.05,9.14,5.17,0.0,3,C,9,6,A,78
Seeded Batch,Warburtons,breads,1231.0,2.6,1.3,0.95,10.6,6.0,0.0,0,A,8,8,B,68
The Original Crunchy Rye Breads,Ryvita,breads,1480.0,2.86,0.19,0.762,10.5,13.3,0.0,-2,A,7,9,B,72
Pain de mie american sandwich complet sans sucres ajoutés 600g,Harrys,breads,1178.0,3.6,0.5,1.1,7.7,8.1,0.0,1,B,9,8,B,74
Tasty Wholemeal Medium,Hovis,breads,920.0,4.0,0.5,0.888,10.0,6.75,0.0,-1,A,7,8,B,67
5050 Medium Bread,Kingsmill,breads,982.0,8.75,1.0,0.95,9.5,11.8,0.0,-1,A,7,8,B,67
Grilletines blé complet,"Brioche Pasquier, Pasquier",breads,1760.0,7.3,2.0,0.87,13.0,6.7,0.0,8,C,12,4,A,79
Wholemeal Bread,Warburtons,breads,953.0,2.46,0.446,0.943,10.5,6.47,0.0,-2,A,6,8,B,67
Harrys beau  bon pain de mie farine de ble cereales  graines 320g,Harrys,breads,1206.0,3.5,0.7,1.0,12.0,6.0,0.0,0,A,9,9,A,80
Ryvita Multigrain Crispbread,RYVITA,breads,1480.0,3.81,0.952,0.571,12.4,17.1,0.0,-3,A,7,10,B,72
Italian Original Breadsticks,Tesco,breads,1748.0,2.8,1.4,1.8,11.2,2.8,0.0,15,D,15,0,A,87
Tartines de Pain Blé Complet,Brioche Pasquier,breads,1615.0,4.2,0.8,1.5,13.0,8.7,0.0,7,C,12,5,A,80
4 Greek Style Flatbreads,K Kitchen Deli,breads,1076.0,2.9,1.0,0.89,11.3,6.7,0.0,-1,A,7,8,A,78
Le Ravioli pur boeuf,Panzani,ravioli,384.0,1.4,0.8,0.75,3.8,1.6,0.0,3,C,4,1,B,68
Ravioli au tofu tomates basilic,Céréal Bio,ravioli,465.0,2.9,0.4,0.74,3.8,3.8,0.0,2,B,4,2,A,87
Ravioli pur bœuf  sans colorant ni conservateur,Panzani,ravioli,384.0,1.6,0.8,0.9,3.8,0.8,0.0,4,C,5,1,B,61
GIRASOLI RICOTTA EPINARD,Lustucru Lustucru selection,ravioli,1024.0,3.6,4.0,1.1,8.1,2.9,0.0,13,D,13,0,B,62
Ravioli boeuf,"Lustucru, Lustucru selection",ravioli,1111.0,3.8,2.0,1.0,9.0,2.4,0.0,11,D,11,0,E,16
Ravioli vegetariens,"Carrefour BIO, Carrefour",ravioli,360.0,3.7,0.1,0.83,2.4,1.5,0.0,6,C,6,0,A,82
Chicken Gyoza Dinner Dumplings,Itsu,ravioli,649.0,2.5,1.2,0.71,8.2,1.7,0.0,2,B,5,3,D,37
Beef Ravioli,Heinz,ravioli,310.0,3.1,0.7,0.6,2.5,0.8,0.0,1,B,2,1,C,50
Ravioli bio au blé complet épinards ricotta burrata,Giovanni Rana,ravioli,1064.0,4.1,2.6,0.96,9.9,3.7,0.0,5,C,10,5,A,80
PZ RAVIOLI BOLO 800GR,Panzani,ravioli,431.0,1.9,1.7,0.85,4.5,0.7,0.0,5,C,6,1,B,60
Ravioli chèvre et ciboulette,"Jardin bio, LÉA NATURE",ravioli,366.0,4.9,0.6,0.54,3.0,1.8,0.0,3,C,4,1,A,75
Ravioli pur bœuf,Zapetti,ravioli,351.0,1.9,0.8,0.85,3.7,1.1,0.0,4,C,5,1,B,67
Le Ravioli Bolognaise sans conservateur,Panzani,ravioli,433.0,1.9,1.7,0.85,4.5,1.3,0.0,5,C,6,1,C,59
Girasoli Potiron  Petits Oignons Grillés Plaisir du Primeux,Rana,ravioli,1037.0,7.7,2.6,0.73,8.8,6.8,0.0,2,B,9,7,B,67
Pesto basilic et pignons,Giovanni Rana,ravioli,1288.0,4.6,5.3,1.1,8.7,6.9,0.0,10,C,14,4,C,55
Gourmet  Pâtes fraîches aux œufs farcies aux champignons,"Giovanni Rana, Rana",ravioli,1087.0,4.5,2.5,1.1,9.1,7.0,0.0,6,C,11,5,B,62
Lustucru ravioli chevre epinard 250g,Lustucru selection,ravioli,1132.0,4.4,2.8,0.93,8.8,2.3,0.0,7,C,10,3,C,50
Ravioles du Dauphiné LABEL ROUGE IGP Lot de,Saint jean,ravioli,1195.0,1.5,8.1,1.5,13.0,2.5,0.0,18,D,18,0,B,72
Girasoli cepes ricotta 250g,"Lustucru, Lustucru selection",ravioli,1048.0,7.1,2.7,1.1,8.1,2.9,0.0,11,D,11,0,B,63
Grandi Girasoli  Ricotta Epinards  Mascarpone,"Giovanni Rana, Rana",ravioli,993.0,3.8,4.1,1.4,11.0,5.2,0.0,10,C,13,3,B,71
ravioli pur boeuf,"Marque Repère, Côté Table",ravioli,358.0,2.7,0.8,0.7,4.0,1.5,18.39,3,C,4,1,B,69
Ravioli au fromages,D'ANTELLI,ravioli,1109.0,6.3,3.4,1.0,11.0,1.9,0.0,12,D,12,0,C,50
Raviolis du Dauphiné,Nos Régions ont du Talent,ravioli,1203.0,1.8,7.5,1.7,14.0,1.4,0.0,18,D,18,0,B,63
Plaisir du primeur,"Giovanni Rana, Rana",ravioli,925.0,6.1,2.4,1.1,8.28,5.5,0.0,4,C,10,6,B,71
Cèpes Ricotta  Champignons rôtis,Rana,ravioli,958.0,5.0,3.9,1.2,8.0,4.5,0.0,9,C,11,2,B,67
Ravioli pur bœuf,Carrefour,ravioli,483.0,3.2,1.1,0.92,4.1,1.5,0.0,5,C,6,1,A,76
Ravioli 6 Légumes,"Marque Repère, Côté Table",ravioli,366.0,2.1,0.3,0.8,2.9,1.7,0.0,4,C,5,1,B,68
Ravioli 6 légumes,Zapetti,ravioli,316.0,2.3,0.5,0.77,2.7,1.8,0.0,2,B,3,1,B,73
Ravioli 4 fromages,Carrefour,ravioli,1141.0,3.3,3.4,1.0,11.0,2.2,0.0,11,D,11,0,C,54
Ravioli de légumes,"Jardin Bio étic, Jardin bio, Léa Nature",ravioli,319.0,3.0,0.2,0.65,2.3,1.4,0.0,3,C,3,0,A,87
Ravioli pur boeuf,"Marque Repère, Côté Table",ravioli,358.0,2.7,0.8,0.7,4.0,1.5,18.39,3,C,4,1,C,59
Ravioli ricotta épinard sauce à la tomate,Picard,ravioli,515.0,4.0,1.9,0.7875,5.4,1.8,0.0,4,C,6,2,B,64
Gyoza poulet legumes,AJINOMOTO,ravioli,782.0,2.7,2.4,0.85,7.3,1.5,0.0,5,C,8,3,C,55
Ravioli épinard et ricotta,"Jardin Bio Etic,Jardin bio",ravioli,328.0,0.0,1.6,0.7,2.2,0.5,0.0,4,C,4,0,A,80
8 Gyoza aux légumes,Picard,ravioli,651.0,3.9,0.5,1.2,4.6,2.0,58.0,5,C,7,2,A,76
Ravioli Pikant,"Nestlé, Maggi",ravioli,335.0,1.7,0.7,0.91,3.2,1.0,0.0,3,C,4,1,C,59
Cappelletti Jambon Cru,Giovanni Rana,ravioli,1267.0,5.1,3.1,1.9,13.0,0.0,0.0,16,D,16,0,C,55
vegan Medaglioni with spinach broccoli and olives,Vemondo,ravioli,909.0,3.1,0.7,1.32,6.3,4.8,0.0,4,C,8,4,B,74
Raviolis 4 fromages,"Marque Repère, Turini",ravioli,1216.0,3.2,3.2,1.1,12.0,1.6,0.0,11,D,11,0,C,54
Ravioli Ricotta Epinards,"Bio Village, Marque Repère",ravioli,1031.0,2.8,2.0,1.4,8.6,3.4,12.4,10,C,11,1,A,75
Gyoza poulet,Ajinomoto,ravioli,712.0,1.7,1.1,1.1,7.6,1.9,0.0,5,C,8,3,E,25
Ravioli pur boeuf français,Zapetti,ravioli,391.0,1.9,0.8,0.85,3.7,1.1,0.0,4,C,5,1,B,61
Gyoza crevettes,Ajinomoto,ravioli,763.0,2.3,0.7,0.83,9.7,1.4,0.0,2,B,6,4,B,64
Ravioli au boeuf,Panzani,ravioli,322.0,1.6,0.3,0.85,3.3,0.5,0.0,3,C,4,1,B,69
Ravioli 4 fromages,Lidl,ravioli,1134.0,3.3,3.4,1.0,11.0,2.2,0.0,11,D,11,0,C,50
Ravioli aux girolles poêlées  persil de la Drôme sachet,Saint jean,ravioli,1114.0,1.5,2.4,1.3,9.2,4.2,0.0,9,C,11,2,A,76
POMPOTES Compotes Gourdes Pomme Nature 1x90g,"Materne, POM'POTES, Sans sucres ajoutés",compotes,257.0,11.0,0.2,0.01,0.5,1.2,0.0,1,B,1,0,A,89
Compote de pomme allégée,Andros,compotes,264.0,14.0,0.0,0.0,0.3,1.9,0.0,1,B,1,0,A,86
Compote Pomme Nature,Andros,compotes,230.0,12.0,0.0,0.0,0.3,1.9,92.0,-4,A,1,5,A,87
Compote pommes allégée en sucres,Freshona,compotes,300.0,16.0,0.0,0.0,0.2,2.2,0.0,4,C,4,0,A,87
Pomme vanille,Andros,compotes,362.0,20.0,0.0,0.0,0.3,1.7,0.0,5,C,5,0,A,86
pomme poire,Andros,compotes,331.0,18.0,0.0,0.0,0.3,1.6,0.0,4,C,4,0,A,87
PomPotes Pomme,"Materne, Pom' Potes",compotes,293.0,12.0,0.2,0.1,0.5,1.2,0.0,1,B,1,0,A,89
Purée de pommes sans sucres ajoutés,Vergers Gourmands,compotes,229.0,10.0,0.0,0.0,0.9,0.4,0.0,1,B,1,0,A,89
PomPotes PommePoire,Materne,compotes,243.0,10.0,0.2,0.01,0.5,1.6,0.0,1,B,1,0,A,80
Pomme Châtaigne,Andros,compotes,544.0,27.0,0.0,0.0,0.5,1.8,0.0,5,C,5,0,A,79
Pêche morceaux généreux,Andros,compotes,331.0,17.0,0.0,0.02,0.9,1.9,0.0,4,C,4,0,A,76
Pom Potes Pomme Banane,"Materne, Pom' Potes",compotes,272.0,12.0,0.2,0.01,0.5,1.3,0.0,1,B,1,0,A,80
Pomme,Carrefour,compotes,225.0,11.0,0.0,0.04,0.0,1.7,0.0,1,B,1,0,A,81
Compote de pommes morceaux,Andros,compotes,396.0,21.0,0.0,0.0,0.2,1.3,0.0,5,C,5,0,A,76
Pommes Poires Williams sans sucre ajouté,Charles & Alice,compotes,234.0,11.0,0.1,0.01,0.5,1.6,0.0,1,B,1,0,A,89
Compote de pomme,"Marque Repère, Douceur du Verger",compotes,228.0,12.0,0.1,0.01,0.5,1.7,0.0,1,B,1,0,A,86
Pommes  sans sucres ajoutés,Charles & Alice,compotes,233.0,11.0,0.1,0.0,0.5,1.5,0.0,1,B,1,0,A,85
Dessert fruitier Sans Sucres Ajoutés Pomme Fraise,andros,compotes,219.0,11.0,0.0,0.0,0.4,2.2,0.0,1,B,1,0,A,79
Gourde 5 fruits pomme abricot pêche poire banane,"Materne, Pom'potes",compotes,236.0,12.0,0.2,0.01,0.5,1.4,0.0,1,B,1,0,A,80
Pommes Mangues avec morceaux,Charles & Alice,compotes,277.0,13.0,0.2,1e-05,0.5,1.5,99.8,-4,A,1,5,A,85
Pommes Abricots Bergeron,Charles & Alice,compotes,192.0,8.8,0.0,0.01,0.0,1.0,0.0,1,B,1,0,A,88
PomPotes 5 fruits sans sucres ajoutés,Materne,compotes,228.0,9.67,0.222,0.0111,0.556,1.44,0.0,1,B,1,0,A,80
Pompotes 5 fruits Pomme Goyave Mangue Ananas Passion,Materne,compotes,237.0,10.0,0.2,0.01,0.5,1.4,98.0,-4,A,1,5,A,81
Compote pomme mirabelle,POMPOTES,compotes,245.0,11.0,0.2,0.01,0.5,1.0,0.0,1,B,1,0,A,89
Pomme Chataigne,Andros,compotes,536.0,25.0,0.0,0.0,0.5,2.0,0.0,5,C,5,0,A,87
Pommes Myrtille SSA,Charles & Alice,compotes,230.0,11.0,0.1,0.01,0.5,1.0,0.0,1,B,1,0,A,88
Postre de manzana,Jamar,compotes,328.0,17.0,0.1,0.0,0.5,1.9,0.0,4,C,4,0,A,76
Compote pomme banane,Andros,compotes,369.0,20.0,0.0,0.0,0.4,1.8,0.0,5,C,5,0,A,81
dessert fruitier pommes nature,Andros,compotes,310.0,17.0,0.0,0.0,0.3,1.3,92.0,-1,A,4,5,A,80
Abricot morceaux moelleux,Andros,compotes,412.0,21.0,0.0,0.03,0.7,1.6,0.0,5,C,5,0,A,79
Compote de pommes allégée en sucres,"Carrefour, Simpl",compotes,256.0,14.0,0.0,0.0,0.0,1.8,0.0,1,B,1,0,A,87
Pommes avec morceaux,VERGER GOURMAND,compotes,297.0,14.0,0.2,0.03,0.3,1.0,0.0,1,B,1,0,A,76
Pomme morceaux sans sucre ajoute,Andros,compotes,213.0,11.0,0.0,0.0,0.3,1.3,0.0,1,B,1,0,A,76
The white one or purple one Organic,Ella's kitchen,compotes,301.0,15.1,0.2,0.03,0.8,1.7,0.0,4,C,4,0,D,44
PomPotes PommeFramboise,"Materne, Pom' Potes",compotes,237.0,10.0,0.111,0.0111,0.556,1.67,0.0,1,B,1,0,A,80
Pomme vanille,Carrefour,compotes,218.0,11.0,0.1,0.04,0.3,1.7,0.0,1,B,1,0,A,89
Pomme Banane Vanille,Charles & Alice,compotes,289.0,13.0,0.1,0.01,0.7,1.4,0.0,1,B,1,0,A,89
Compote de pomme,Eco+,compotes,296.0,14.0,0.4,0.01,0.5,1.6,0.0,1,B,1,0,A,89
PomPotes Pomme Brugnon,Pom'Potes,compotes,222.0,9.6,0.2,0.01,0.5,1.3,0.0,1,B,1,0,A,81
Fraise Morceaux Fondants,Andros,compotes,371.0,17.0,0.0,0.025,0.6,3.4,0.0,4,C,5,1,A,79
Pomme poire,Carrefour,compotes,245.0,12.0,0.0,0.09,0.0,1.9,0.0,1,B,1,0,A,86
Pompotes,Materne,compotes,243.0,10.6,0.5,0.0,0.5,0.0,0.0,1,B,1,0,A,89
Pom  go  Compote de pommes allégée en sucres,Vergers Gourmands,compotes,272.0,15.0,0.0,0.0,0.0,1.3,0.0,4,C,4,0,A,79
Compote de pommes allégée en sucres,Top Budget,compotes,259.0,12.8,0.1,0.01,0.5,0.0,0.0,1,B,1,0,A,89
Delikatess Edelsalami,Dulano,salamis,1560.0,0.5,14.10000038147,4.0,21.5,0.0,0.0,34,E,34,0,E,16
Salam Sasesc,Cristim Salam Sasesc,salamis,1297.0,0.96,11.0,2.2825,16.33,0.0,0.0,24,E,24,0,E,16
Vegane Salami BaguetteStyle,Billie Green,salamis,1083.0,3.4,8.7,3.0,32.0,3.0,0.0,26,E,26,0,E,20
Deperami 100 Pork The Original 10 Lunchbox Minis,Deperami,salamis,2090.0,2.0,18.0,4.1,23.0,0.0,0.0,36,E,36,0,D,30
Salam Victoria,Pikok,salamis,674.0,0.5,4.0,2.0,14.5,0.0,0.0,16,D,16,0,E,16
Delikatess Edelsalami Klassik,"Dulano,Lidl,Stockmeyer",salamis,1577.0,0.5,14.1,3.6,21.5,0.0,0.0,32,E,32,0,E,21
Salami Milano,"Lidl,Dulano",salamis,1473.0,0.0,12.0,3.935,25.0,0.0,0.0,33,E,33,0,E,16
Salam Sinaia,Cămara Noastră,salamis,1745.0,0.1,12.3,4.0,20.9,0.0,0.0,35,E,35,0,E,16
Pepperami The Original,Pepperami,salamis,2070.0,2.0,18.0,3.84,23.0,0.0,0.0,35,E,35,0,E,16
Фует,Dulano,salamis,1778.0,0.0,0.0,0.0,24.0,0.0,0.0,-2,A,5,7,E,24
Kulen,Dobro,salamis,1658.0,0.5,14.0,3.3,25.0,0.0,0.0,30,E,30,0,E,26
Stickado,Aoste,salamis,2116.0,3.2,16.0,5.0,29.0,0.0,0.0,36,E,36,0,E,20
Original Peperami,Peperami,salamis,2096.0,2.0,17.0,3.9,23.0,0.0,0.0,35,E,35,0,E,21
BioSalami  luftgetrocknet,"Bio,Börner-Eisenacher,Gut Bio",salamis,1392.0,0.5,11.5,3.8,21.0,0.0,0.0,32,E,32,0,D,41
Salami im Pfeffermantel,Dulano/LIDL,salamis,1364.0,1.5,10.5,3.7,23.5,0.0,0.0,32,E,32,0,E,16
Salami  Snack  Billie Green,Billie Green,salamis,1536.0,4.3,14.0,2.7,34.0,3.0,0.0,28,E,28,0,E,21
Salami Spianata Romana,"Dulano,Lidl",salamis,1544.0,0.0,12.0,4.2,27.0,0.0,0.0,34,E,34,0,E,21
Italian Salami,Tesco,salamis,1550.0,0.5,10.6,4.13,24.5,0.0,0.0,34,E,34,0,E,23
Salami Pfeffer,"Lidl,Metzgerfrisch",salamis,1565.0,1.0,13.0,3.4425,20.0,1.0,0.0,31,E,31,0,D,41
,Hacendado,salamis,2209.0,0.0,0.0,0.0,26.0,0.0,0.0,-1,A,6,7,E,16
Salam Sasesc felii,CRIS-TIM,salamis,987.0,1.4,7.5,2.28,17.9,0.0,0.0,20,E,20,0,E,16
BioSalami  Klassik,"Aldi,Börner-Eisenacher,Nur Nur Natur",salamis,1580.0,0.26,11.4,4.39,21.1,0.0,0.0,34,E,34,0,D,36
Salami extra,Hacendado,salamis,1913.0,5.1,13.0,3.8,16.0,0.0,0.0,34,E,34,0,E,21
Herzhafte Edelsalami geräuchert,"Gut Drei Eichen,Stockmeyer",salamis,1569.0,0.5,13.0,3.6,22.0,0.0,0.0,32,E,32,0,E,21
salam de sibiu,camara noastra,salamis,0.0,0.0,0.0,0.0,0.0,0.0,0.0,0,A,0,0,E,16
Landsalami,"Metzgerfrisch,Lidl",salamis,1565.0,1.0,13.0,3.44,20.0,1.0,0.0,31,E,31,0,D,36
Edelsalami Lidl,Dulano,salamis,1728.0,0.9,14.4,4.0325,21.0,0.5,0.0,35,E,35,0,E,16
Salam Sinaia,Cămara noastră,salamis,1745.0,0.1,12.3,4.0,20.9,0.0,0.0,35,E,35,0,E,28
Salam de Sibiu IGP,Lidl,salamis,2053.0,0.5,18.0,4.5,24.0,0.0,0.0,36,E,36,0,E,21
Stickado Salami Sticks,Aoste,salamis,1749.0,3.0,12.0,5.705,33.0,0.0,0.0,35,E,35,0,E,16
Salami 100  pur porc,Herta,salamis,1674.0,1.0,14.0,4.4,20.0,0.5,0.0,34,E,34,0,E,21
Salam Sibiu,Agricola,salamis,1987.0,0.8,16.6,9.5,23.4,0.0,0.0,35,E,35,0,E,21
Wurst Antipastiplatte,"Italiamo, LIDL Italiamo",salamis,1113.0,0.0,6.5,5.2,26.0,0.0,0.0,29,E,29,0,E,16
Salam de Sibiu,"Agricola, Salbac",salamis,1987.0,0.8,16.6,3.8,23.4,0.0,0.0,33,E,33,0,E,25
Salam de sibiu,Crist Tim,salamis,1828.0,0.36,16.15,0.0,29.19,0.0,0.0,15,D,15,0,E,21
Salami 100 pur porc,Herta,salamis,1841.0,1.0,16.0,0.3125,19.0,0.5,0.0,16,D,16,0,E,16
Salami danois pur porc fume aubois de hetre,Saint Alby,salamis,1874.0,0.5,17.0,3.4,16.3,0.5,0.0,32,E,32,0,E,23
Milano Salami,Sainsbury's,salamis,427.0,0.0,2.8,0.915,6.5,0.0,0.0,5,C,7,2,E,16
Bio Salami,Wiltmann,salamis,1512.0,1.0,12.0,4.2,22.2,0.0,0.0,34,E,34,0,D,41
Vegetarische Mühlen Salami,"Rügenwalder, Rügenwalder Mühle",salamis,1046.0,0.8,1.3,3.1,19.0,0.0,0.0,19,E,19,0,E,21
Salamini classico,Fratelli Beretta,salamis,2021.0,0.5,14.0,3.5,28.0,0.0,0.0,33,E,33,0,E,20
Salami nach spanischer Art Salchichón Extra,Campofrio Food Group. S.A.U.,salamis,1544.0,2.5,11.0,3.5,21.0,0.0,0.0,31,E,31,0,E,28
Italian Milano Salami,Tesco,salamis,1536.0,0.5,10.0,4.0,27.0,0.0,0.0,34,E,34,0,D,30
Salam cu Invelis de Ceapa si Usturoi,Camara Noastra,salamis,1962.0,2.8,16.0,3.5,20.5,0.0,0.0,32,E,32,0,E,21
Meatster,Eat go,salamis,2075.0,1.0,18.8999996185303,4.23228365229809,24.0,0.0,0.0,36,E,36,0,E,16
Mini Salami,Dulano,salamis,1925.0,1.0,17.1,3.9,24.0,0.0,0.0,34,E,34,0,E,16
Strolghino Salami,"Deluxe, Italiamo",salamis,1645.0,0.5,11.0,4.5,28.0,0.0,0.0,34,E,34,0,E,23
Meda Salam Sinaia,Meda,salamis,1770.0,0.0,14.0,3.5,23.0,0.0,0.0,32,E,32,0,E,16
Fresca Salumeria Prosciutto Cotto di Alta Qualità,Fratelli Beretta,salamis,539.0,0.5,2.0,2.1,20.0,0.0,0.0,13,D,13,0,D,30
Delikates Geflügel Edelsalami,Dulano,salamis,904.0,0.5,6.5,3.8,22.0,0.0,0.0,26,E,26,0,E,16
16 milano salami slices,"sainsbury's,by sainsbury's",salamis,1515.0,0.0,0.6,0.225,25.0,0.0,0.0,-2,A,5,7,E,27
Rosette de Lyon,Saint Alby,salamis,1444.0,1.0,12.0,4.1,23.0,1.2,0.0,34,E,34,0,E,23
Wurst  Salami Delikatess hauchfein,"Dulano, Lidl",salamis,1490.0,0.9,12.0,3.25,20.2,0.5,0.0,30,E,30,0,E,21
Paprika Salami,Dulano,salamis,1280.0,0.0,3.0,1.25,19.0,0.0,0.0,12,D,12,0,E,16
Salami,EDEKA Bio,salamis,1373.0,0.5,11.3,3.8,21.0,0.0,0.0,32,E,32,0,D,43
MEATSTER Original,Eat+Go,salamis,1925.0,0.0,0.0,0.0,46.0,0.0,0.0,-2,A,5,7,E,16
Delikatess Salami hauchfein,Dulano,salamis,1474.0,0.9,12.0,3.75,20.2,0.0,0.0,32,E,32,0,E,21
Salam Sasesc Cristim 250GR  30und oferta,,salamis,1285.0,0.96,11.0,2.32,16.33,0.0,0.0,24,E,24,0,E,16
Ferdi Fuchs Mini Salami,"Ferdi Fuchs, Stockmeyer",salamis,1790.0,0.2,14.0,4.14,32.0,0.0,0.0,35,E,35,0,E,21
Bifi,"Bifi, null",salamis,2151.0,0.9,19.0,4.2,24.0,0.0,0.0,36,E,36,0,E,16
TK  Beerenmischung,Freshona,frozen-fruits,255.0,6.7,0.1,0.01,0.9,1.3,0.0,1,B,1,0,C,59
Lait Demiécrémé,BON ET BIO,frozen-fruits,192.0,4.8,1.0,0.1,3.2,0.0,0.0,0,A,1,1,C,57
Arándanos enteros,Hacendado,frozen-fruits,219.0,10.0,0.0,0.0,0.7,2.4,0.0,1,B,1,0,C,56
Perfectly imperfect Mixed berries,Tesco,frozen-fruits,182.0,6.5,0.1,0.01,1.0,3.75,0.0,0,A,1,1,B,64
Myrtilles,Paquito,frozen-fruits,255.0,7.9,0.0,0.01,0.6,2.5,0.0,1,B,1,0,C,56
Frozen blueberries,Sainsbury's,frozen-fruits,151.0,7.3,0.1,0.0,0.7,1.2,0.0,1,B,1,0,C,56
TK  Himbeeren,Acona,frozen-fruits,224.0,5.5,0.1,0.0,1.6,4.9,0.0,-1,A,1,2,C,59
Berry Mix with Sour Cherries,Verona,frozen-fruits,200.0,7.1,0.0,0.01,0.9,0.0,0.0,1,B,1,0,B,61
Le petit doux,Le Paturon,frozen-fruits,1414.0,1.0,21.0,1.1,16.0,0.0,0.0,19,E,19,0,C,56
Fresas Congeladas,Hacendado,frozen-fruits,126.0,4.7,0.0,0.0,0.7,0.0,0.0,1,B,1,0,A,75
Blueberries,Four Seasons,frozen-fruits,190.0,9.12,0.125,0.0125,0.875,1.5,0.0,1,B,1,0,C,54
,Picard,frozen-fruits,230.0,2.8,0.5,0.01,0.7,2.8,0.0,0,A,0,0,B,74
Fruits rouges,"Marque Repère, Douceur du Verger, Fruistar",frozen-fruits,133.0,4.8,0.0,0.0,1.1,4.1,100.0,-6,A,1,7,B,64
APPLES  BLUEBERRIES MINI FRUIT BAR,That's it.,frozen-fruits,1260.0,45.0,0.0,0.0,5.0,15.0,0.0,7,C,12,5,C,49
Piña,Lidl,frozen-fruits,230.0,11.3,0.1,0.025,0.7,1.1,0.0,1,B,1,0,A,77
Framboises surgelées,Lidl,frozen-fruits,224.0,5.5,0.1,0.0,1.6,0.0,0.0,1,B,1,0,C,45
Myrtilles sauvages douces  sucrées  450g,U,frozen-fruits,255.0,7.9,0.1,0.01,0.6,2.5,0.0,1,B,1,0,C,54
Framboises entières,Picard,frozen-fruits,207.0,6.0,0.1,0.01,1.2,6.1,100.0,-8,A,1,9,B,70
Myrtilles sauvages bio,Picard,frozen-fruits,192.0,6.1,0.1,0.0,0.6,4.9,0.0,-1,A,1,2,B,74
Céleri rémoulade,Déli'Salades,frozen-fruits,394.0,1.7,0.6,1.2,1.0,0.0,0.0,6,C,6,0,A,78
sainsburys frozen raspberries,"Sainsbury's, Goodfellow & Steven",frozen-fruits,168.0,4.62,0.125,0.0125,1.38,6.75,0.0,-3,A,1,4,C,52
ALDI Frozen Blueberries,Four Seasons Aldi,frozen-fruits,189.0,9.12,0.0,0.0,0.875,1.5,0.0,1,B,1,0,C,49
Raspberries frozen,Tesco,frozen-fruits,192.0,5.1,0.1,0.025,1.5,5.2,0.0,-2,A,1,3,C,50
Framboises Entières Surgelées 1kg,Picard,frozen-fruits,213.0,6.7,0.1,0.02,1.4,6.1,0.0,-3,A,1,4,C,50
Frozen blueberries,Asda,frozen-fruits,189.0,9.1,0.1,0.01,0.9,1.5,0.0,1,B,1,0,C,49
Fraises entières,Paquito,frozen-fruits,156.0,6.1,0.0,0.0,0.6,1.6,0.0,1,B,1,0,A,75
Himbeeren,,frozen-fruits,214.0,7.2,0.3,0.03,1.1,1.7,0.0,1,B,1,0,C,52
Beerenmischung TK,Alnatura,frozen-fruits,178.0,7.8,0.1,0.01,0.9,3.8,0.0,0,A,1,1,B,74
Myrtilles,Bio Organic,frozen-fruits,178.0,6.3,0.1,0.03,0.4,2.4,0.0,1,B,1,0,B,69
Framboises surgelées bio,LIDL,frozen-fruits,222.0,5.5,0.1,0.03,1.6,0.0,0.0,1,B,1,0,B,65
Himbeeren,All Seasons,frozen-fruits,192.0,5.4,0.1,0.03,1.5,0.0,0.0,1,B,1,0,C,52
BioBeerenmischung tiefgefroren,"Aldi, Gut Bio, Jütro",frozen-fruits,200.0,7.8,0.1,0.01,0.9,0.0,0.0,1,B,1,0,A,79
Avocats en lamelles,Picard,frozen-fruits,552.0,0.5,3.5,0.19,1.2,4.0,0.0,2,B,4,2,C,52
Frozen Raspberries,Asda,frozen-fruits,141.0,5.1,0.1,0.0,0.8,3.7,0.0,0,A,1,1,C,45
ALDI Strawberries,Aldi,frozen-fruits,163.0,6.1,0.0,0.0,0.6,3.8,0.0,0,A,1,1,A,75
Frozen Blueberries,Freshona,frozen-fruits,189.0,9.12,0.125,0.0125,0.875,1.5,0.0,1,B,1,0,C,49
Ananas en morceaux,Picard,frozen-fruits,232.0,12.0,0.1,0.01,0.5,1.0,0.0,1,B,1,0,A,78
Blueberries,Picard,frozen-fruits,272.0,14.0,0.10000000149012,0.01,0.80000001192093,1.6,0.0,1,B,1,0,C,56
Arándanos,Carrefour,frozen-fruits,218.0,13.0,0.0,0.0,0.0,2.4,0.0,1,B,1,0,B,64
ALDI Mango chunks,Four Seasons,frozen-fruits,264.0,13.0,0.10000000149012,0.0099999997764826,0.69999998807907,1.8,0.0,1,B,1,0,B,70
Framboises entières,Paquito,frozen-fruits,208.0,5.6,0.1,0.0,1.3,5.6,0.0,-2,A,1,3,C,52
Prince Goût Chocolat,LU,sweet-snacks,1960.0,31.5,5.5,0.5,6.5,4.0,0.0,19,E,21,2,D,44
Tonik,bimo,sweet-snacks,2120.0,40.0,10.9,0.217,4.35,0.435,0.0,26,E,26,0,B,66
Sésame,Gerblé,sweet-snacks,1961.0,17.0,2.0,0.38,10.0,4.6,0.0,10,C,12,2,C,57
Henrys,Henry's,sweet-snacks,1841.0,24.2353,5.2941,0.882353,7.6471,2.3529,0.0,18,D,18,0,C,55
KING COOKIES,Excelo,sweet-snacks,2021.0,32.0,12.0,0.27,5.2,0.0,0.0,26,E,26,0,C,50
Sable coco Henry s 42g,Henry's,sweet-snacks,1850.0,23.8,7.14,0.899,7.62,2.38,0.0,20,E,20,0,C,58
Biscuits croquants au coeur onctueux de Nutella,Nutella,sweet-snacks,2158.0,35.8,11.5,0.559,7.9,0.0,0.0,27,E,27,0,D,44
Fourrés Chocolat Noir,Bjorg,sweet-snacks,1996.0,27.0,6.3,0.49,7.6,5.2,0.0,14,D,17,3,B,70
Henrys,Henry’s,sweet-snacks,1840.0,24.2,5.29,0.882,7.65,2.35,0.0,18,D,18,0,B,64
Momo black,Excelo,sweet-snacks,2073.0,27.0,9.9,0.32,7.0,0.0,0.0,20,E,20,0,D,40
Eyoo cover,EXCELO,sweet-snacks,2122.0,0.0,0.0,0.0,6.0,0.0,0.0,4,C,6,2,D,32
Pomme   Noisette,Gerblé,sweet-snacks,1902.0,11.0,1.5,0.01,9.8,6.6,0.0,-1,A,7,8,B,70
Figue  son,Gerblé,sweet-snacks,1883.0,16.0,1.7,0.19,9.3,13.0,0.0,2,B,10,8,B,60
Petit beurre,Bé,sweet-snacks,1771.0,15.3,8.5,0.23,6.6,1.2,0.0,18,D,18,0,C,53
Pains au lait x10,Pasquier,sweet-snacks,1485.0,11.0,4.0,0.00275,8.6,3.5,0.0,5,C,9,4,B,71
Brioche Tranchée Bio 400g,La Boulangère,sweet-snacks,1413.0,13.0,0.9,0.95,8.8,3.9,0.0,5,C,9,4,B,69
King cookies choco,Excelo,sweet-snacks,1987.0,31.2,12.0,0.27,5.4,0.0,0.0,25,E,25,0,E,27
La gâche tranchée,La Fournée Dorée,sweet-snacks,1434.0,13.0,7.4,1.12,8.1,0.0,0.0,17,D,17,0,C,49
Granola LOriginal,"LU, Mondelez International",sweet-snacks,2058.0,28.0,12.0,1.2,5.9,3.5,0.0,24,E,25,1,D,40
Kinder Bueno,Kinder,sweet-snacks,2393.0,41.2,17.3,0.1975,8.6,2.0,0.0,26,E,26,0,E,22
Henrys Sable Coco Biscuit 85G,Henrys,sweet-snacks,1575.0,20.0,5.45,0.75,6.5,2.3,0.0,16,D,16,0,B,67
Biscuit raisins,Gerblé,sweet-snacks,1858.0,17.0,1.3,0.2,8.5,4.9,0.0,5,C,10,5,B,69
Nutri avoine chocolat,Bjorg,sweet-snacks,1900.0,17.0,3.2,0.61,8.2,7.6,0.0,10,C,15,5,B,61
Biscuits goût chocolat,BN,sweet-snacks,1900.0,29.8,8.84,1.1,6.63,3.87,0.0,21,E,22,1,D,35
digestives,McVitie's,sweet-snacks,2021.0,15.1,10.1,1.3,7.0,3.7,0.0,25,E,26,1,D,44
Figolu,LUMondelez,sweet-snacks,1680.0,50.0,3.75,0.000937,4.69,3.12,0.0,17,D,18,1,C,49
Krit krititas galletas saladas,"Cuétara, Krit",sweet-snacks,2113.0,8.7,12.0,1.7,6.5,2.5,0.0,25,E,25,0,B,74
Biscuit lait chocolat,"Gerblé,Gerblé Vitalité,Nutrition & Santé",sweet-snacks,1919.0,21.0,2.8,0.74,8.5,5.0,0.0,11,D,14,3,B,74
Crunchy Avoine  Chocolat Noir x 5 x 2 barres de 21 g,"General Mills,Nature Valley",sweet-snacks,1981.0,26.8,3.4,0.65,8.7,7.0,0.0,10,C,15,5,D,36
Cookie cacao pépites Sans Sucre,Gerblé,sweet-snacks,1728.0,0.0,3.3,0.21,8.0,8.9,0.0,1,B,9,8,C,56
petit déjeuner miel et pépites de chocolat,belvita,sweet-snacks,1711.0,26.0,2.8,1.4,5.7,7.6,0.0,12,D,17,5,B,71
Poulet au Curry et Noix de Coco ,"WW,Weight Watchers",ready-meals,1205.0,2.5,1.6,0.6,6.3,1.1,0.0,4,C,6,2,E,18
Couscous Oriental légumes cuisinés et poulet émincé,"WW, Weight Watchers",ready-meals,382.0,2.2,0.3,0.69,6.9,1.4,28.3,2,B,4,2,B,69
Cuisiné cappelletti,Céréal BIO,ready-meals,415.0,3.2,0.5,0.56,3.7,3.2,0.0,1,B,3,2,B,70
Le couscous à la marocaine,Fleury Michon,ready-meals,599.0,2.8,1.8,0.72,8.2,1.3,0.0,2,B,5,3,B,70
Brandade de Morue parmentière 2 personnes,Pêcheries Basques,ready-meals,638.0,0.5,1.1,0.8,6.6,0.0,0.0,4,C,6,2,E,15
Risotto poulet  cèpes crème fraîche petits oignons,Fleury Michon,ready-meals,540.0,0.8,2.9,0.66,5.6,0.5,0.0,4,C,6,2,C,56
Penne au Poulet et au Pesto,Marie,ready-meals,778.0,1.6,1.5,0.65,8.0,1.2,10.1,3,C,6,3,D,35
St Jacques fondue de poireaux  Riz Basmati,Marie,ready-meals,605.0,1.2,3.0,0.59,5.8,0.6,13.9,4,C,6,2,B,63
Emincés de boeuf sauce poivre  pommes de terre,Fleury Michon,ready-meals,598.0,0.786,1.79,0.607,6.43,1.0,0.0,3,C,5,2,A,75
Le Filet de Poulet et ses Pommes de Terre à la Sarladaise,Fleury Michon,ready-meals,659.0,0.9,1.9,0.73,10.0,1.3,0.0,1,B,5,4,D,30
Paëlla royale aux petites gambas et au safran,Marie,ready-meals,412.0,1.2,0.6,0.79,5.4,0.8,20.0,2,B,4,2,D,33
Le Parmentier de Boeuf Charolais purée à la crème fraîche,Fleury Michon,ready-meals,571.0,2.6,3.4,0.71,9.2,1.2,0.0,4,C,7,3,E,17
Tagliatelles au Poulet  ChampignonsCrème,"WW,Weight Watchers",ready-meals,427.0,1.0,0.9,0.88,7.67,0.9,17.2,2,B,5,3,E,26
Frozen Baked Jacket Potatoes,McCain,ready-meals,334.0,1.9,0.1,0.005,2.15,1.95,0.0,0,A,0,0,D,44
Aiguillettes de poulet au miel et aux épices semoule,Picard,ready-meals,517.0,4.9,0.3,0.35,8.4,4.7,0.0,-2,A,3,5,D,35
La Paëlla Valenciana poulet rôti chorizo et fruits de mer,Fleury Michon,ready-meals,765.0,0.7,1.6,0.71,11.0,1.2,0.0,2,B,6,4,D,32
Quinoa poulet et sésame,"Jardin bio, Léa Nature",ready-meals,731.0,3.0,1.2,0.7,6.9,6.5,0.0,0,A,6,6,C,48
Escalope Milanaise Dinde 100 filet,Marie,ready-meals,670.0,2.6,0.9,0.65,7.9,1.2,16.4,2,B,5,3,D,34
Nouilles japonaises saveur boeuf teppanyaki,Tanoshi,ready-meals,337.0,0.6,0.4,0.85,1.9,0.6,0.0,5,C,5,0,C,51
Pastabox Carbonara,Sodebo,ready-meals,695.0,1.9,3.7,0.66,7.1,1.2,0.0,6,C,8,2,C,54
Poulet  Purée de Courgettes pointe de crème fraîche,Fleury Michon,ready-meals,463.0,2.7,2.4,0.67,5.7,1.4,0.0,4,C,6,2,E,28
Quinotto Légumes verts Parmesan,Jardin bio,ready-meals,553.0,2.5,1.4,0.7,7.6,3.1,0.0,1,B,5,4,D,43
Lasagnes à la bolognaise,Marie,ready-meals,570.0,3.3,2.6,0.67,7.5,1.0,11.176,3,C,6,3,D,40
Poulet et petites pâtes sauce aux champignons,Picard,ready-meals,546.0,1.0,2.1,0.59,7.8,1.1,0.0,2,B,5,3,D,42
Poêlée de gnocchis tomates mozzarella,Picard,ready-meals,671.0,8.4,1.4,0.6,5.2,2.7,0.0,4,C,6,2,A,86
Le Kebab de Poulet et sa Semoule à lOrientale,Fleury Michon,ready-meals,717.0,2.6,1.3,0.73,7.3,0.8,0.0,3,C,6,3,E,28
Lasagnes saumon epinard,Picard,ready-meals,427.0,1.7,1.9,0.7,6.3,1.5,0.0,3,C,5,2,C,46
Émincés de poulet conchiglie complètes et légumes à litalienne,Picard,ready-meals,413.0,2.7,0.7,0.32,7.9,3.1,0.0,-2,A,2,4,E,28
Fromage blanc nature,MILKY FOOD PROFESSIONAL,cheeses,337.0,0.0,0.0,0.0,7.3,0.0,0.0,-2,A,1,3,A,76
Jben,Jaouda,cheeses,984.0,0.0,15.0,0.46,8.0,0.0,0.0,14,D,14,0,D,44
Cheddar,la Hollandaise,cheeses,1130.0,6.0,12.0,1.5,9.0,0.0,0.0,21,E,21,0,D,38
Cream cheese,Original,cheeses,1061.0,0.0,0.0,0.0,10.0,0.0,0.0,-1,A,3,4,D,35
,Gervais,cheeses,573.0,7.2,4.8,0.5,7.0,0.0,0.0,6,C,8,2,B,71
Skyr nature 0,Yoplait,cheeses,238.0,3.6,0.065,0.1375,9.5,0.0,0.0,-2,A,1,3,A,81
Jebli,"Centrale, Danone, Jebli",cheeses,941.0,0.0,13.0,0.76,6.5,0.0,0.0,15,D,15,0,D,42
Carré Frais,Elle & Vire,cheeses,356.0,2.9,0.2,1.2775,16.0,0.0,0.0,1,B,7,6,C,55
Philadelphia,Mondelez International,cheeses,933.0,4.3,14.0,0.75,5.4,0.2,0.0,16,D,16,0,D,43
Carré Frais  Nature,Elle&Vire,cheeses,802.0,2.5,11.0,1.2,12.0,0.0,0.0,17,D,17,0,C,57
Tranches Au Goût Cheddar,Ideal,cheeses,1176.0,0.0,10.0,3.25,8.0,0.0,0.0,29,E,29,0,D,31
,DANONE,cheeses,1026.0,5.5,10.0,1.0,8.0,0.0,0.0,19,E,19,0,C,49
Paysan Breton  Le Fromage Fouetté Madame Loïk  Nature au Sel de Guérande,"Le Fromage Fouetté Madame Loïk, Paysan breton",cheeses,1039.0,3.0,17.3,1.1,5.9,0.0,0.0,18,D,18,0,C,58
Kiri carré 8p,Kiri,cheeses,950.0,2.0,13.0,1.6,9.0,0.0,0.0,20,E,20,0,D,37
Perly fromage,perly,cheeses,1096.0,0.0,15.2,1.6,10.0,0.0,0.0,21,E,21,0,D,35
St Môret,St Môret,cheeses,851.0,3.0,13.2,1.2,8.3,0.0,0.0,17,D,17,0,C,50
Coulommiers Doux et Crémeux,"CF&R,Cœur de Lion,Savencia",cheeses,1174.0,0.1,16.0,1.5,18.0,0.0,0.0,20,E,20,0,C,55
Le Goût Primeur format familial,"Savencia, St Moret",cheeses,851.0,3.0,13.2,1.2,8.3,0.0,0.0,17,D,17,0,C,50
Caprice des dieux,caprice des dieux,cheeses,1393.0,0.1,21.0,1.3775,15.0,0.0,0.0,20,E,20,0,C,57
PRESIDENT CAMEMBERT 250g,"Lactalis, Président",cheeses,1117.0,0.0,15.0,1.4,20.0,0.0,0.0,19,E,19,0,C,48
Kiri,Kiri,cheeses,950.0,1.88,13.1,1.62,8.75,0.0,0.0,20,E,20,0,E,28
Mature Cheddar,Cathedral City,cheeses,1741.0,0.1,21.7,1.77,25.4,0.0,0.0,23,E,23,0,D,38
La bûche SainteMaure PoitouCharentes,Soignon,cheeses,1208.0,1.0,16.0,1.5,20.0,0.0,0.0,20,E,20,0,D,31
Original Doux  crémeux,,cheeses,1059.0,0.0,0.0,0.0,10.0,0.0,0.0,-1,A,3,4,D,35
El Mejor chef fromage 16p,,cheeses,0.0,0.0,0.0,0.0,0.0,0.0,0.0,0,A,0,0,D,35
Original Philadelphia,Philadelphia,cheeses,946.0,4.3,14.0,0.7375,5.4,0.2,0.0,16,D,16,0,D,37
b,gastro mixte,cheeses,942.0,4.3,14.0,0.75,5.4,0.2,0.0,16,D,16,0,D,40
KiriKäse,Kiri,cheeses,1269.0,2.0,19.5,1.3,9.0,0.0,0.0,19,E,19,0,C,56
Kiri carré 36,Kiri,cheeses,950.0,2.0,13.0,1.6,9.0,0.0,0.0,20,E,20,0,D,35
Kiri Crème 12 portions,Kiri,cheeses,1269.0,2.0,19.5,1.3,9.0,0.0,0.0,19,E,19,0,C,49
Frommage fondu,REWE Beste Wahl,cheeses,1248.0,4.0,16.5,1.2,7.0,0.0,0.0,19,E,19,0,E,28
,Ladid,cheeses,888.4,7.6,11.5,3.25,7.4,0.0,0.0,29,E,29,0,E,28
la vache qui rit,,cheeses,1590.0,3.01,20.5,3.31,13.3,0.0,0.0,30,E,30,0,D,35
Philadelphia Original,"Mondelez,Philadelphia",cheeses,941.0,4.3,14.0,0.74,5.4,0.0,0.0,16,D,16,0,D,42
La vache qui rit,La vache qui rit,cheeses,970.0,6.5,12.0,1.7,11.0,0.0,0.0,21,E,21,0,D,41
Loriginal tartare ail  fines herbes,"Fromarsac, Savencia, Tartare",cheeses,1435.0,2.3,24.5,1.1,7.0,0.0,0.0,19,E,19,0,C,48
Queso para untar Philadelphia,Philadelphia,cheeses,1028.0,2.8,16.0,1.06,3.7,0.2,0.0,18,D,18,0,D,42
la hollandaise,la hollandaise,cheeses,1130.0,6.0,12.0,1.5,9.0,0.0,0.0,21,E,21,0,E,28
الهاندس,La Hollandaise,cheeses,1130.0,6.0,15.0,0.0,10.0,0.0,0.0,14,D,14,0,E,28
كريميو,Cremio,cheeses,1038.0,0.0,17.0,4.25,8.0,0.0,0.0,33,E,33,0,D,35
9 Minis St Moret 178 MG,"Savencia,St Moret",cheeses,858.0,3.0,13.2,1.3,8.3,0.0,0.0,18,D,18,0,C,59
Leerdammer original 8 tranches 200g,Leerdammer,cheeses,1460.0,0.1,18.5,1.5,26.0,0.0,0.0,21,E,21,0,D,35
,Khayrat,cheeses,1052.0,0.0,0.0,0.0,10.0,0.0,0.0,-1,A,3,4,B,67
Mon ptit plaisir,Milbona,cheeses,833.0,3.3,11.7,1.0,8.2,0.5,0.0,17,D,17,0,D,40
Natural Cottage Cheese,Milbona,cheeses,406.0,2.8,3.0,0.52,11.5,0.0,0.0,2,B,6,4,D,39
Original Full Fat Soft Cheese,Emporium,cheeses,958.0,3.2,13.7,0.7375,5.6,0.3,0.0,15,D,15,0,C,49
Le berger From blanc Nat,,cheeses,1096.0,0.0,13.0,0.0,20.0,0.0,0.0,13,D,13,0,D,35
la vache qui rit 24,,cheeses,1060.0,3.01,13.9,5.72,14.5,0.0,0.0,33,E,33,0,D,35
Carré frais 0 pourcent ail et fines herbes,Elle & Vire,cheeses,352.0,2.8,0.0,0.0033,16.0,0.0,0.0,-5,A,1,6,C,50
Perly,Perly,cheeses,2152.0,0.0,15.2,1.6,10.0,0.0,0.0,24,E,24,0,D,35
babybel,Babybel,cheeses,1240.0,0.05,15.5,1.68,22.0,0.0,0.0,21,E,21,0,D,35
MUSCLY FROMAGE 24,"Jaouda, Copag",cheeses,1094.0,0.0,15.0,1.6,9.0,0.0,0.0,21,E,21,0,B,73
Or Blanc,Or Blanc,cheeses,946.0,5.9,12.0,4.25,9.5,0.35,0.0,33,E,33,0,E,28
Le goût primeur  Ligne  plaisir,"Savencia,St moret",cheeses,553.0,5.0,5.5,1.0,10.0,0.0,0.0,12,D,12,0,C,56
Chavroux Pur Chèvre,Chavroux,cheeses,673.0,2.6,9.0,1.0,8.7,0.0,0.0,16,D,16,0,E,19
Paysan Breton  Le Fromage Fouetté Madame Loïk  Nature au Sel de Guérande  Sel réduit 25,"Le Fromage Fouetté Madame Loïk, Paysan breton",cheeses,1039.0,3.0,17.0,0.6,5.9,0.0,0.0,15,D,15,0,C,49
La bûche fondante,"Lactalis, Président",cheeses,1140.0,0.5,16.0,1.5,17.0,0.0,0.0,20,E,20,0,D,40
